step,time_ps,potential_kj_mol,temperature_k,density_g_ml,speed_ns_day
50,0.012500,nan,nan,0.43761428,7.5382
100,0.025000,nan,nan,0.43868390,9.1722
150,0.037500,nan,nan,0.44031337,9.9010
200,0.050000,nan,nan,0.44034996,10.3140
250,0.062500,nan,nan,0.43866200,10.5778
300,0.075000,nan,nan,0.43815286,10.7572
