{
  "charge": [
    0.10864013433456421,
    -0.42232125997543335,
    0.9010284543037415,
    -0.6473934054374695,
    -0.42232125997543335,
    0.10864013433456421,
    0.062287867069244385,
    0.062287867069244385,
    0.062287867069244385,
    0.062287867069244385,
    0.062287867069244385,
    0.062287867069244385
  ],
  "alpha": [
    0.0011680241441354156,
    0.0011675488203763962,
    0.00044766993960365653,
    0.001291970256716013,
    0.0011675488203763962,
    0.0011680241441354156,
    0.0004343684995546937,
    0.0004343684995546937,
    0.0004343685577623546,
    0.0004343685577623546,
    0.0004343685577623546,
    0.0004343685577623546
  ],
  "pol_damping": [
    0.0011680241441354156,
    0.0011675488203763962,
    0.00044766993960365653,
    0.001291970256716013,
    0.0011675488203763962,
    0.0011680241441354156,
    0.0004343684995546937,
    0.0004343684995546937,
    0.0004343685577623546,
    0.0004343685577623546,
    0.0004343685577623546,
    0.0004343685577623546
  ],
  "lamb": [
    3.753812789916992,
    3.8703556060791016,
    3.1853654384613037,
    3.764476776123047,
    3.8703556060791016,
    3.753812789916992,
    2.6772141456604004,
    2.6772141456604004,
    2.6772141456604004,
    2.6772141456604004,
    2.6772141456604004,
    2.6772141456604004
  ],
  "eps": [
    1336.1458740234375,
    485.855224609375,
    493.6630859375,
    468.0572204589844,
    485.855224609375,
    1336.1458740234375,
    28.01800537109375,
    28.01800537109375,
    28.01800537109375,
    28.01800537109375,
    28.01800537109375,
    28.01800537109375
  ],
  "Rvdw": [
    0.09845820814371109,
    0.10600880533456802,
    0.08585246652364731,
    0.10755347460508347,
    0.10600880533456802,
    0.09845820814371109,
    0.08380996435880661,
    0.08380996435880661,
    0.08380996435880661,
    0.08380996435880661,
    0.08380996435880661,
    0.08380996435880661
  ],
  "C6": [
    0.0012083688052371144,
    0.0023202954325824976,
    0.0002867204893846065,
    0.002700905781239271,
    0.0023202954325824976,
    0.0012083688052371144,
    0.00016094406601041555,
    0.00016094406601041555,
    0.00016094406601041555,
    0.00016094406601041555,
    0.00016094406601041555,
    0.00016094406601041555
  ],
  "ct_eps": [
    2.4800448417663574,
    0.27675750851631165,
    0.017988957464694977,
    0.21327799558639526,
    0.27675750851631165,
    2.4800448417663574,
    0.0023868249263614416,
    0.0023868249263614416,
    0.0023868249263614416,
    0.0023868249263614416,
    0.0023868249263614416,
    0.0023868249263614416
  ],
  "ct_lamb": [
    0.9019125699996948,
    0.7832693457603455,
    0.25324833393096924,
    0.6802959442138672,
    0.7832693457603455,
    0.9019125699996948,
    0.32262060046195984,
    0.32262060046195984,
    0.32262060046195984,
    0.32262060046195984,
    0.32262060046195984,
    0.32262060046195984
  ]
}