{
  "description": "JAX 2D-attention DMC MLFF parameter prediction output using the real PhyNEO Slater/QqTt/dispersion functional form.",
  "stage": "full_nonbonded",
  "seed": 20260406,
  "hidden_dim": 48,
  "num_heads": 4,
  "num_layers": 2,
  "base_drude_model_json": "/home/am3-peichenzhong-group/Documents/project/test_MPID_DMFF/phyneo-drude/drude_dmc_bottomup/output/fit_joint/dmc_drude_joint_lr_espol_model.json",
  "base_slater_xml": "/home/am3-peichenzhong-group/Documents/project/test_MPID_DMFF/phyneo-drude/drude_dmc_bottomup/inputs/mpid/phyneo_ecl.xml",
  "atom_parameters": [
    {
      "index": 1,
      "name": "C00",
      "alpha": 0.00039359708898700774,
      "charge": -0.004803456366062164,
      "disp_c10": 2.9830825951648876e-06,
      "disp_c6": 0.0021921598818153143,
      "disp_c8": 9.05912384041585e-05,
      "slater_b": 29.158418655395508,
      "slater_dhf_a": 0.5667934417724609,
      "slater_ex_a": 83.32794189453125,
      "slater_sr_disp_a": 11.408173561096191,
      "slater_sr_es_a": 8.155109405517578,
      "slater_sr_pol_a": 0.23920385539531708,
      "thole": 0.7749676704406738
    },
    {
      "index": 2,
      "name": "O01",
      "alpha": 0.00039359982474707067,
      "charge": -0.3410935699939728,
      "disp_c10": 1.552943444949051e-06,
      "disp_c6": 0.0011045539285987616,
      "disp_c8": 5.4221516620600596e-05,
      "slater_b": 45.69824981689453,
      "slater_dhf_a": 35.51937484741211,
      "slater_ex_a": 139.38441467285156,
      "slater_sr_disp_a": 28.321918487548828,
      "slater_sr_es_a": 94.93544006347656,
      "slater_sr_pol_a": 6.755022048950195,
      "thole": 0.7221839427947998
    },
    {
      "index": 3,
      "name": "C02",
      "alpha": 0.00015084946062415838,
      "charge": 0.7681006789207458,
      "disp_c10": 2.4482328626618255e-06,
      "disp_c6": 0.0007776158163323998,
      "disp_c8": 4.747781713376753e-05,
      "slater_b": 32.67612838745117,
      "slater_dhf_a": 0.04468951374292374,
      "slater_ex_a": 89.61830139160156,
      "slater_sr_disp_a": 0.8204236626625061,
      "slater_sr_es_a": 8.9281005859375,
      "slater_sr_pol_a": 7.891839981079102,
      "thole": 0.7228830456733704
    },
    {
      "index": 4,
      "name": "O03",
      "alpha": 0.0004354368429630995,
      "charge": -0.5322263240814209,
      "disp_c10": 1.0853641470021103e-06,
      "disp_c6": 0.0012782197445631027,
      "disp_c8": 3.996929808636196e-05,
      "slater_b": 46.13739013671875,
      "slater_dhf_a": 75.39998626708984,
      "slater_ex_a": 157.51531982421875,
      "slater_sr_disp_a": 16.004894256591797,
      "slater_sr_es_a": 89.32463073730469,
      "slater_sr_pol_a": 0.4225310683250427,
      "thole": 0.7782039046287537
    },
    {
      "index": 5,
      "name": "O04",
      "alpha": 0.00039360628579743207,
      "charge": -0.3349684774875641,
      "disp_c10": 1.5527792811553809e-06,
      "disp_c6": 0.0010857274755835533,
      "disp_c8": 5.289909313432872e-05,
      "slater_b": 45.750335693359375,
      "slater_dhf_a": 35.40467071533203,
      "slater_ex_a": 139.1652069091797,
      "slater_sr_disp_a": 28.310245513916016,
      "slater_sr_es_a": 96.27665710449219,
      "slater_sr_pol_a": 6.7151570320129395,
      "thole": 0.7222298383712769
    },
    {
      "index": 6,
      "name": "C05",
      "alpha": 0.0003936069260817021,
      "charge": 0.0016868487000465393,
      "disp_c10": 2.997787760250503e-06,
      "disp_c6": 0.0020541090052574873,
      "disp_c8": 9.609578410163522e-05,
      "slater_b": 28.961944580078125,
      "slater_dhf_a": 0.6767820119857788,
      "slater_ex_a": 81.03215789794922,
      "slater_sr_disp_a": 10.305252075195312,
      "slater_sr_es_a": 8.145827293395996,
      "slater_sr_pol_a": 0.23718801140785217,
      "thole": 0.7750002145767212
    },
    {
      "index": 7,
      "name": "H06",
      "alpha": 0.000146753853186965,
      "charge": 0.09196300804615021,
      "disp_c10": 5.036303107885942e-08,
      "disp_c6": 0.0001364205963909626,
      "disp_c8": 3.328136472191545e-06,
      "slater_b": 48.293426513671875,
      "slater_dhf_a": 15.589987754821777,
      "slater_ex_a": 47.63071060180664,
      "slater_sr_disp_a": 8.801678657531738,
      "slater_sr_es_a": 17.629714965820312,
      "slater_sr_pol_a": 2.0026018619537354,
      "thole": 0.8241280317306519
    },
    {
      "index": 8,
      "name": "H07",
      "alpha": 0.00014663126785308123,
      "charge": 0.07909151911735535,
      "disp_c10": 5.256380219975654e-08,
      "disp_c6": 0.0001393071433994919,
      "disp_c8": 3.3304988846794004e-06,
      "slater_b": 49.48273849487305,
      "slater_dhf_a": 15.259281158447266,
      "slater_ex_a": 38.20484161376953,
      "slater_sr_disp_a": 10.65176773071289,
      "slater_sr_es_a": 19.416976928710938,
      "slater_sr_pol_a": 3.4534850120544434,
      "thole": 0.8233574628829956
    },
    {
      "index": 9,
      "name": "H08",
      "alpha": 0.00014652119716629386,
      "charge": 0.0461050309240818,
      "disp_c10": 5.262702629238447e-08,
      "disp_c6": 0.00015709883882664144,
      "disp_c8": 3.5694758935278514e-06,
      "slater_b": 48.5139045715332,
      "slater_dhf_a": 14.36389446258545,
      "slater_ex_a": 35.85755920410156,
      "slater_sr_disp_a": 10.578166007995605,
      "slater_sr_es_a": 18.49786949157715,
      "slater_sr_pol_a": 3.539679527282715,
      "thole": 0.822762668132782
    },
    {
      "index": 10,
      "name": "H09",
      "alpha": 0.00014653030666522682,
      "charge": 0.03263786435127258,
      "disp_c10": 5.2809102868423e-08,
      "disp_c6": 0.00014871376333758235,
      "disp_c8": 3.6240253393771127e-06,
      "slater_b": 47.75437927246094,
      "slater_dhf_a": 15.11014175415039,
      "slater_ex_a": 39.8920783996582,
      "slater_sr_disp_a": 10.58069896697998,
      "slater_sr_es_a": 15.3596773147583,
      "slater_sr_pol_a": 3.397826671600342,
      "thole": 0.8220020532608032
    },
    {
      "index": 11,
      "name": "H10",
      "alpha": 0.0001466843532398343,
      "charge": 0.11325932294130325,
      "disp_c10": 4.6235026474050755e-08,
      "disp_c6": 0.0001227329485118389,
      "disp_c8": 2.8199804091855185e-06,
      "slater_b": 48.960113525390625,
      "slater_dhf_a": 18.17756462097168,
      "slater_ex_a": 45.286224365234375,
      "slater_sr_disp_a": 8.531949043273926,
      "slater_sr_es_a": 17.72536277770996,
      "slater_sr_pol_a": 1.739974856376648,
      "thole": 0.8232096433639526
    },
    {
      "index": 12,
      "name": "H11",
      "alpha": 0.00014668072981294245,
      "charge": 0.08024754375219345,
      "disp_c10": 5.271467884426784e-08,
      "disp_c6": 0.0001325605990132317,
      "disp_c8": 3.5065249903709628e-06,
      "slater_b": 50.542320251464844,
      "slater_dhf_a": 15.080743789672852,
      "slater_ex_a": 35.03522491455078,
      "slater_sr_disp_a": 10.586309432983398,
      "slater_sr_es_a": 18.853717803955078,
      "slater_sr_pol_a": 3.56097149848938,
      "thole": 0.8242083787918091
    }
  ],
  "loss_components": {
    "ct_like_kj_mol_rmse": 0.007594485767185688,
    "dispersion_total_kj_mol_rmse": 0.004887519869953394,
    "exchange_kj_mol_rmse": 0.01082985382527113,
    "lr_es_kj_mol_rmse": 0.00927257351577282,
    "lr_pol_kj_mol_rmse": 0.5159920454025269,
    "monomer_dipole_rmse": 0.04486890882253647,
    "monomer_iso_polar_rmse": 0.49746716022491455,
    "regularization": 0.02995399199426174,
    "sr_es_total_kj_mol_rmse": 0.5441938042640686,
    "sr_pol_total_kj_mol_rmse": 1.0025794506072998
  }
}