{
  "param_file": "/home/am3-peichenzhong-group/Documents/project/test_MPID_DMFF/phyneo-drude/drude_dmc_bottomup/inputs/dmc_drude_initial.json",
  "target_file": "/home/am3-peichenzhong-group/Documents/project/test_MPID_DMFF/phyneo-drude/drude_dmc_bottomup/inputs/targets/dmc_dimer_batch000_targets.npz",
  "target_mode": "lr_espol",
  "platform": "Reference",
  "success": true,
  "message": "CONVERGENCE: RELATIVE REDUCTION OF F <= FACTR*EPSMCH",
  "fun": 0.14552108205857758,
  "x": [
    0.5555626710449099,
    0.35739535599181765,
    0.8891455871518754,
    0.8280151615703635,
    0.8295485360818597,
    0.8929042779925777,
    0.9417887900685011,
    -0.0007629601798785375,
    -0.0033581983391908657,
    0.0026546834960148587,
    0.011833512442232188
  ],
  "parameter_blocks": {
    "global_scales": {
      "alpha_scale": 0.5555626710449099,
      "drude_charge_scale": 0.35739535599181765
    },
    "thole_group_scales": {
      "ester_carbon": 0.8891455871518754,
      "ester_oxygen": 0.8280151615703635,
      "carbonyl_carbon": 0.8295485360818597,
      "carbonyl_oxygen": 0.8929042779925777,
      "methyl_hydrogen": 0.9417887900685011
    },
    "charge_group_deltas": {
      "ester_carbon": -0.0007629601798785375,
      "ester_oxygen": -0.0033581983391908657,
      "carbonyl_carbon": 0.0026546834960148587,
      "carbonyl_oxygen": 0.011833512442232188,
      "methyl_hydrogen": -0.0010409798166847067
    }
  },
  "weights": {
    "dimer": 1.0,
    "monomer_dipole": 0.5,
    "monomer_polar": 0.5
  },
  "objective_components": {
    "dimer_term": 0.06027697394211569,
    "dipole_term": 0.035234731957926126,
    "polar_term": 0.05762790233056276,
    "scale_regularization": 0.03052326339348089,
    "thole_regularization": 0.00428896128416939,
    "charge_regularization": 0.0040005711156232875,
    "regularization": 0.03881279579327357
  },
  "final_dimer_rmse_kj_mol": 1.0059380420068902,
  "num_finite_dimer_points": 12,
  "curve_csv": "/home/am3-peichenzhong-group/Documents/project/test_MPID_DMFF/phyneo-drude/drude_dmc_bottomup/output/fit_joint/dmc_drude_joint_lr_espol_curve.csv",
  "curve_png": "/home/am3-peichenzhong-group/Documents/project/test_MPID_DMFF/phyneo-drude/drude_dmc_bottomup/output/fit_joint/dmc_drude_joint_lr_espol_curve.png",
  "monomer": {
    "target_file": "/home/am3-peichenzhong-group/Documents/project/test_MPID_DMFF/phyneo-drude/drude_dmc_bottomup/inputs/targets/monomer_targets.template.json",
    "predicted_dipole_debye": [
      -0.0766580228181954,
      -0.001193816541383541,
      -0.1243486569121895
    ],
    "target_dipole_debye": [
      -0.07229259127387239,
      -0.0004545892358630752,
      -0.12697569907848136
    ],
    "predicted_polarizability_tensor_nm3": [
      [
        0.007501979672941678,
        1.1018472109074024e-06,
        -0.0014111364427681619
      ],
      [
        1.068107528523787e-06,
        0.004418975080211187,
        -2.2902276374614747e-07
      ],
      [
        -0.001411048102337216,
        -2.4464970272271544e-07,
        0.005904810263308515
      ]
    ],
    "target_polarizability_tensor_nm3": [
      [
        0.007381373494361611,
        3.096301933895534e-06,
        -0.0010486364831300812
      ],
      [
        2.3505449646596733e-06,
        0.004576276859499353,
        -5.894136797450101e-07
      ],
      [
        -0.0010488305571378558,
        2.7267549166781203e-07,
        0.006193391410040059
      ]
    ]
  },
  "fitted_model": "/home/am3-peichenzhong-group/Documents/project/test_MPID_DMFF/phyneo-drude/drude_dmc_bottomup/output/fit_joint/dmc_drude_joint_lr_espol_model.json"
}