{
  "description": "JAX 2D-attention DMC MLFF parameter prediction output using the real PhyNEO Slater/QqTt/dispersion functional form.",
  "stage": "full_nonbonded",
  "seed": 20260406,
  "hidden_dim": 48,
  "num_heads": 4,
  "num_layers": 2,
  "base_drude_model_json": "/home/am3-peichenzhong-group/Documents/project/test_MPID_DMFF/phyneo-drude/drude_dmc_bottomup/output/fit_joint/dmc_drude_joint_lr_espol_model.json",
  "base_slater_xml": "/home/am3-peichenzhong-group/Documents/project/test_MPID_DMFF/phyneo-drude/drude_dmc_bottomup/inputs/mpid/phyneo_ecl.xml",
  "atom_parameters": [
    {
      "index": 1,
      "name": "C00",
      "alpha": 0.00039362921961583197,
      "charge": -0.01715242490172386,
      "disp_c10": 2.593832505226601e-06,
      "disp_c6": 0.0016292639775201678,
      "disp_c8": 6.916710844961926e-05,
      "slater_b": 33.031455993652344,
      "slater_dhf_a": 0.4230438470840454,
      "slater_ex_a": 68.59578704833984,
      "slater_sr_disp_a": 8.771224975585938,
      "slater_sr_es_a": 29.781692504882812,
      "slater_sr_pol_a": 0.2243019938468933,
      "thole": 0.7750257253646851
    },
    {
      "index": 2,
      "name": "O01",
      "alpha": 0.00039344976539723575,
      "charge": -0.3393825888633728,
      "disp_c10": 1.2866348697571084e-06,
      "disp_c6": 0.000727852457202971,
      "disp_c8": 3.855745308101177e-05,
      "slater_b": 48.19056701660156,
      "slater_dhf_a": 55.08832931518555,
      "slater_ex_a": 236.27542114257812,
      "slater_sr_disp_a": 48.25077438354492,
      "slater_sr_es_a": 161.0906219482422,
      "slater_sr_pol_a": 2.9722952842712402,
      "thole": 0.721632182598114
    },
    {
      "index": 3,
      "name": "C02",
      "alpha": 0.00015086949861142784,
      "charge": 0.7531323432922363,
      "disp_c10": 2.2006752260494977e-06,
      "disp_c6": 0.00034753233194351196,
      "disp_c8": 3.459837898844853e-05,
      "slater_b": 39.65595245361328,
      "slater_dhf_a": 0.048548851162195206,
      "slater_ex_a": 89.74138641357422,
      "slater_sr_disp_a": 0.9192577004432678,
      "slater_sr_es_a": 53.16608428955078,
      "slater_sr_pol_a": 7.86118745803833,
      "thole": 0.7229066491127014
    },
    {
      "index": 4,
      "name": "O03",
      "alpha": 0.00043537133024074137,
      "charge": -0.5466445684432983,
      "disp_c10": 1.2492205314629246e-06,
      "disp_c6": 0.0015204934170469642,
      "disp_c8": 4.810974496649578e-05,
      "slater_b": 46.65926742553711,
      "slater_dhf_a": 56.987159729003906,
      "slater_ex_a": 242.80894470214844,
      "slater_sr_disp_a": 33.050697326660156,
      "slater_sr_es_a": 165.7272491455078,
      "slater_sr_pol_a": 0.4683430790901184,
      "thole": 0.7781205177307129
    },
    {
      "index": 5,
      "name": "O04",
      "alpha": 0.00039347971323877573,
      "charge": -0.3400474786758423,
      "disp_c10": 1.5526225070061628e-06,
      "disp_c6": 0.0007778104045428336,
      "disp_c8": 4.491470826906152e-05,
      "slater_b": 46.2482795715332,
      "slater_dhf_a": 55.54126739501953,
      "slater_ex_a": 213.37319946289062,
      "slater_sr_disp_a": 45.671241760253906,
      "slater_sr_es_a": 132.87640380859375,
      "slater_sr_pol_a": 2.934664487838745,
      "thole": 0.7217855453491211
    },
    {
      "index": 6,
      "name": "C05",
      "alpha": 0.0003936350694857538,
      "charge": -0.014860216528177261,
      "disp_c10": 2.9642092158610467e-06,
      "disp_c6": 0.0016452765557914972,
      "disp_c8": 8.880953828338534e-05,
      "slater_b": 31.203641891479492,
      "slater_dhf_a": 1.0831001996994019,
      "slater_ex_a": 76.00711822509766,
      "slater_sr_disp_a": 18.083498001098633,
      "slater_sr_es_a": 41.918025970458984,
      "slater_sr_pol_a": 0.21933257579803467,
      "thole": 0.7750000357627869
    },
    {
      "index": 7,
      "name": "H06",
      "alpha": 0.000146527832839638,
      "charge": 0.07796408236026764,
      "disp_c10": 5.1910934217858085e-08,
      "disp_c6": 0.000125299789942801,
      "disp_c8": 3.249634119129041e-06,
      "slater_b": 46.42949676513672,
      "slater_dhf_a": 21.847606658935547,
      "slater_ex_a": 35.988250732421875,
      "slater_sr_disp_a": 8.15615463256836,
      "slater_sr_es_a": 13.756058692932129,
      "slater_sr_pol_a": 2.1261162757873535,
      "thole": 0.822056770324707
    },
    {
      "index": 8,
      "name": "H07",
      "alpha": 0.00014645472401753068,
      "charge": 0.09140121936798096,
      "disp_c10": 4.8883791237130936e-08,
      "disp_c6": 0.00013301473518367857,
      "disp_c8": 2.8656077120103873e-06,
      "slater_b": 46.47695541381836,
      "slater_dhf_a": 20.120847702026367,
      "slater_ex_a": 36.558753967285156,
      "slater_sr_disp_a": 6.518045425415039,
      "slater_sr_es_a": 16.677194595336914,
      "slater_sr_pol_a": 1.9043891429901123,
      "thole": 0.8215281963348389
    },
    {
      "index": 9,
      "name": "H08",
      "alpha": 0.00014648240176029503,
      "charge": 0.08249188959598541,
      "disp_c10": 5.1473087125941674e-08,
      "disp_c6": 0.00013560916704591364,
      "disp_c8": 3.126492174487794e-06,
      "slater_b": 46.38749313354492,
      "slater_dhf_a": 16.52630043029785,
      "slater_ex_a": 36.96975326538086,
      "slater_sr_disp_a": 6.333128452301025,
      "slater_sr_es_a": 20.318422317504883,
      "slater_sr_pol_a": 1.6036382913589478,
      "thole": 0.8218043446540833
    },
    {
      "index": 10,
      "name": "H09",
      "alpha": 0.00014649094373453408,
      "charge": 0.0628008246421814,
      "disp_c10": 4.952985221962081e-08,
      "disp_c6": 0.00011502615961944684,
      "disp_c8": 3.0613048238592455e-06,
      "slater_b": 46.356563568115234,
      "slater_dhf_a": 19.784957885742188,
      "slater_ex_a": 31.398557662963867,
      "slater_sr_disp_a": 6.678559303283691,
      "slater_sr_es_a": 13.467742919921875,
      "slater_sr_pol_a": 1.6247775554656982,
      "thole": 0.8214906454086304
    },
    {
      "index": 11,
      "name": "H10",
      "alpha": 0.00014649935474153608,
      "charge": 0.09973317384719849,
      "disp_c10": 4.7964793026267216e-08,
      "disp_c6": 9.894712275126949e-05,
      "disp_c8": 2.562618192314403e-06,
      "slater_b": 47.951480865478516,
      "slater_dhf_a": 19.978330612182617,
      "slater_ex_a": 31.9041748046875,
      "slater_sr_disp_a": 5.856588840484619,
      "slater_sr_es_a": 12.318381309509277,
      "slater_sr_pol_a": 2.099799394607544,
      "thole": 0.8218069672584534
    },
    {
      "index": 12,
      "name": "H11",
      "alpha": 0.00014649795775767416,
      "charge": 0.09056366980075836,
      "disp_c10": 4.918919671581534e-08,
      "disp_c6": 0.00010415717406431213,
      "disp_c8": 2.7816606689157197e-06,
      "slater_b": 48.812862396240234,
      "slater_dhf_a": 21.793935775756836,
      "slater_ex_a": 34.633541107177734,
      "slater_sr_disp_a": 6.820497035980225,
      "slater_sr_es_a": 13.378183364868164,
      "slater_sr_pol_a": 1.9897645711898804,
      "thole": 0.8220342993736267
    }
  ],
  "loss_components": {
    "ct_like_kj_mol_rmse": 0.25051066279411316,
    "dispersion_total_kj_mol_rmse": 0.027334950864315033,
    "exchange_kj_mol_rmse": 0.03651050105690956,
    "lr_es_kj_mol_rmse": 0.2562887668609619,
    "lr_pol_kj_mol_rmse": 1.0380775928497314,
    "monomer_dipole_rmse": 0.09190429002046585,
    "monomer_iso_polar_rmse": 0.49765071272850037,
    "regularization": 0.036183930933475494,
    "sr_es_total_kj_mol_rmse": 0.10024236142635345,
    "sr_pol_total_kj_mol_rmse": 1.0070925951004028
  }
}